<?xml version="1.0" encoding="UTF-8"?>
<project-private xmlns="http://www.netbeans.org/ns/project-private/1">
    <editor-bookmarks xmlns="http://www.netbeans.org/ns/editor-bookmarks/2" lastBookmarkId="0"/>
    <open-files xmlns="http://www.netbeans.org/ns/projectui-open-files/2">
        <group>
            <file>file:/C:/Users/CltControl/Documents/NetBeansProjects/RubikFX-master/src/com/jpl/games/model/ContentModel.java</file>
            <file>file:/C:/Users/CltControl/Documents/NetBeansProjects/RubikFX-master/src/com/jpl/games/JavaFXApplication2.java</file>
            <file>file:/C:/Users/CltControl/Documents/NetBeansProjects/RubikFX-master/src/com/jpl/games/RubikFX.java</file>
            <file>file:/C:/Users/CltControl/Documents/NetBeansProjects/RubikFX-master/src/com/jpl/games/FXMLDocument.fxml</file>
        </group>
    </open-files>
</project-private>
